Workbook

Sheet Graph
B1: Voltage Drop (mV)
A2: Resistance (ohm) | B2: 0.01uA | C2: 0.1uA | D2: 1uA | E2: 10uA | F2: 100uA | G2: 1000uA
A3: 35180 | B3: =Data!C3 -> 0.3518 | C3: =Data!D3 -> 3.518 | D3: =Data!E3 -> 35.18 | E3: =Data!F3 -> 351.8 | F3: =Data!G3 -> 3518 | G3: =Data!H3 -> 35180
A4: 5443 | B4: =Data!C4 -> 0.05443 | C4: =Data!D4 -> 0.5443 | D4: =Data!E4 -> 5.443 | E4: =Data!F4 -> 54.43 | F4: =Data!G4 -> 544.3 | G4: =Data!H4 -> 5443
A5: 875.7 | B5: =Data!C5 -> 0.008757 | C5: =Data!D5 -> 0.08757 | D5: =Data!E5 -> 0.8757 | E5: =Data!F5 -> 8.757 | F5: =Data!G5 -> 87.57 | G5: =Data!H5 -> 875.7
A6: 448.6 | B6: =Data!C6 -> 0.004486 | C6: =Data!D6 -> 0.04486 | D6: =Data!E6 -> 0.4486 | E6: =Data!F6 -> 4.486 | F6: =Data!G6 -> 44.86 | G6: =Data!H6 -> 448.6
A7: 248.8 | B7: =Data!C7 -> 0.002488 | C7: =Data!D7 -> 0.02488 | D7: =Data!E7 -> 0.2488 | E7: =Data!F7 -> 2.488 | F7: =Data!G7 -> 24.88 | G7: =Data!H7 -> 248.8
A8: 94.46 | B8: =Data!C8 -> 0.0009446 | C8: =Data!D8 -> 0.009446 | D8: =Data!E8 -> 0.09446 | E8: =Data!F8 -> 0.9446 | F8: =Data!G8 -> 9.446 | G8: =Data!H8 -> 94.46
A9: 33.2 | B9: =Data!C9 -> 0.000332 | C9: =Data!D9 -> 0.00332 | D9: =Data!E9 -> 0.0332 | E9: =Data!F9 -> 0.332 | F9: =Data!G9 -> 3.32 | G9: =Data!H9 -> 33.2
A10: 7.789 | B10: =Data!C10 -> 7.789e-05 | C10: =Data!D10 -> 0.0007789 | D10: =Data!E10 -> 0.007789 | E10: =Data!F10 -> 0.07789 | F10: =Data!G10 -> 0.7789 | G10: =Data!H10 -> 7.789
A11: 3.504 | B11: =Data!C11 -> 3.504e-05 | C11: =Data!D11 -> 0.0003504 | D11: =Data!E11 -> 0.003504 | E11: =Data!F11 -> 0.03504 | F11: =Data!G11 -> 0.3504 | G11: =Data!H11 -> 3.504
A12: 2.716 | B12: =Data!C12 -> 2.716e-05 | C12: =Data!D12 -> 0.0002716 | D12: =Data!E12 -> 0.002716 | E12: =Data!F12 -> 0.02716 | F12: =Data!G12 -> 0.2716 | G12: =Data!H12 -> 2.716

Sheet Data
D1: Voltage Drop (mV)
A2: Temperature (k) | B2: Resistance (ohm) | C2: =0.01*10^-6 -> 1e-08 | D2: =0.1*10^-6 -> 1e-07 | E2: =1*10^-6 -> 1e-06 | F2: =10*10^-6 -> 1e-05 | G2: =100*10^-6 -> 0.0001 | H2: =1000*10^-6 -> 0.001
A3: 0.3 | B3: 35180 | C3: =$C$2*B3*1000 -> 0.3518 | D3: =$D$2*B3*1000 -> 3.518 | E3: =$E$2*B3*1000 -> 35.18 | F3: =$F$2*B3*1000 -> 351.8 | G3: =$G$2*B3*1000 -> 3518 | H3: =$H$2*B3*1000 -> 35180
A4: 0.5 | B4: 5443 | C4: =$C$2*B4*1000 -> 0.05443 | D4: =$D$2*B4*1000 -> 0.5443 | E4: =$E$2*B4*1000 -> 5.443 | F4: =$F$2*B4*1000 -> 54.43 | G4: =$G$2*B4*1000 -> 544.3 | H4: =$H$2*B4*1000 -> 5443
A5: 1 | B5: 875.7 | C5: =$C$2*B5*1000 -> 0.008757 | D5: =$D$2*B5*1000 -> 0.08757 | E5: =$E$2*B5*1000 -> 0.8757 | F5: =$F$2*B5*1000 -> 8.757 | G5: =$G$2*B5*1000 -> 87.57 | H5: =$H$2*B5*1000 -> 875.7 | K5: >10mV
A6: 1.4 | B6: 448.6 | C6: =$C$2*B6*1000 -> 0.004486 | D6: =$D$2*B6*1000 -> 0.04486 | E6: =$E$2*B6*1000 -> 0.4486 | F6: =$F$2*B6*1000 -> 4.486 | G6: =$G$2*B6*1000 -> 44.86 | H6: =$H$2*B6*1000 -> 448.6 | K6: <0.1mV
A7: 2 | B7: 248.8 | C7: =$C$2*B7*1000 -> 0.002488 | D7: =$D$2*B7*1000 -> 0.02488 | E7: =$E$2*B7*1000 -> 0.2488 | F7: =$F$2*B7*1000 -> 2.488 | G7: =$G$2*B7*1000 -> 24.88 | H7: =$H$2*B7*1000 -> 248.8
A8: 4.2 | B8: 94.46 | C8: =$C$2*B8*1000 -> 0.0009446 | D8: =$D$2*B8*1000 -> 0.009446 | E8: =$E$2*B8*1000 -> 0.09446 | F8: =$F$2*B8*1000 -> 0.9446 | G8: =$G$2*B8*1000 -> 9.446 | H8: =$H$2*B8*1000 -> 94.46
A9: 10 | B9: 33.2 | C9: =$C$2*B9*1000 -> 0.000332 | D9: =$D$2*B9*1000 -> 0.00332 | E9: =$E$2*B9*1000 -> 0.0332 | F9: =$F$2*B9*1000 -> 0.332 | G9: =$G$2*B9*1000 -> 3.32 | H9: =$H$2*B9*1000 -> 33.2
A10: 40 | B10: 7.789 | C10: =$C$2*B10*1000 -> 7.789e-05 | D10: =$D$2*B10*1000 -> 0.0007789 | E10: =$E$2*B10*1000 -> 0.007789 | F10: =$F$2*B10*1000 -> 0.07789 | G10: =$G$2*B10*1000 -> 0.7789 | H10: =$H$2*B10*1000 -> 7.789
A11: 77.4 | B11: 3.504 | C11: =$C$2*B11*1000 -> 3.504e-05 | D11: =$D$2*B11*1000 -> 0.0003504 | E11: =$E$2*B11*1000 -> 0.003504 | F11: =$F$2*B11*1000 -> 0.03504 | G11: =$G$2*B11*1000 -> 0.3504 | H11: =$H$2*B11*1000 -> 3.504
A12: 100 | B12: 2.716 | C12: =$C$2*B12*1000 -> 2.716e-05 | D12: =$D$2*B12*1000 -> 0.0002716 | E12: =$E$2*B12*1000 -> 0.002716 | F12: =$F$2*B12*1000 -> 0.02716 | G12: =$G$2*B12*1000 -> 0.2716 | H12: =$H$2*B12*1000 -> 2.716
